22/5-0/18
ADONAY, PICHARDO, 1000, 1300, 3, STEM
Matthew, Magyar, 10:00, 3:00, 5, STEM
Richard, McCombs, 10:00, 2:59, 4.9, STEM
Nick, Cottrell, 10:22, 3:30, 5.2, volunteer center
Jason, Magyar, 10:00, 4:00, 6, LEGO
Colonel, Mustard, 4:30, 2=45, 1.75, Kitchen
Riche
Richard, roibbzioo, 4, STEM
John, Smith, 15:00, 4:00, S, LEGO
MICHELLE, OBAMA, 13001600, 3, GOOD, PR

22/550/18
Edwin, mercado, 10:00, 3:00, 5, Lego League
symberg, Burgess, 10.320, 2:00, 4, Lego League
Madison, Jordan, 10:00, 3:00, 5, Lego league
Lagna, Reveron, 10:00, 3:00, 5, Lego League
Joshua, Johnson, 10:00, 2:00, 4, Lego League
Malachi, Jorden, 10:00, 3:00, 5, lego league
Julyus, Goreake, 10:30, lego
Jayden, Gonzalez, 10:48, I@80
Darrell, Thomas, love, Lego.
ADONAY, PICHARDO, 10:00, 1300, 3, STEM
Matthew, Magyar, 6:00, 3:00, 5, STEM
Jason, Magyar, 10:00, 3:00, 5, STEM

22/550/18
Edwin, mercado, 10:00, 3:00, 5, Lego League
symberg, Burgess, 10.320, 2:00, 4, Lego League
Madison, Jordan, 10:00, 3:00, 5, Lego league
Lagna, Reveron, 10:00, 3:00, 5, Lego League
Joshua, Johnson, 10:00, 2:00, 4, Lego League
Malachi, Jorden, 10:00, 3:00, 5, lego league
Julyus, Goreake, 10:30, lego
Jayden, Gonzalez, 10:48, I@80
Darrell, Thomas, love, Lego.
ADONAY, PICHARDO, 10:00, 1300, 3, STEM
Matthew, Magyar, 6:00, 3:00, 5, STEM
Jason, Magyar, 10:00, 3:00, 5, STEM

